GROUP,PACKAGE,CLASS,INSTRUCTION_MISSED,INSTRUCTION_COVERED,BRANCH_MISSED,BRANCH_COVERED,LINE_MISSED,LINE_COVERED,COMPLEXITY_MISSED,COMPLEXITY_COVERED,METHOD_MISSED,METHOD_COVERED
rest,com.aravindan.palindromepoc.services,FileStoreService,12,99,3,7,4,26,3,7,0,5
rest,com.aravindan.palindromepoc.services,LoggingServiceImpl,5,12,0,0,2,4,1,2,1,2
rest,com.aravindan.palindromepoc.services,PalindromeManager,0,48,0,2,0,7,0,4,0,3
rest,com.aravindan.palindromepoc,RestApplication,5,3,0,0,2,1,1,1,1,1
rest,com.aravindan.palindromepoc.model,PalindromeInput,0,15,0,0,0,6,0,3,0,3
rest,com.aravindan.palindromepoc.model,UserResponse,0,20,0,0,0,6,0,2,0,2
rest,com.aravindan.palindromepoc.controller,UserController,0,16,0,0,0,3,0,2,0,2
rest,com.aravindan.palindromepoc.exception,RestResponseEntityExceptionHandler,0,28,0,0,0,8,0,3,0,3
rest,com.aravindan.palindromepoc.utils,PalindromeValidator,0,29,0,0,0,6,0,2,0,2
